,0
1,01 Distribution
2,101 Studios
3,1091 Media
4,123 Go Films
5,1844 Entertainment
6,20/20 Visions Entertainment Group
7,25th Floor Film
8,26 Aries
9,30WEST
10,4Digital Media
11,4th Row Films
12,606 Distribution
13,7e Art Distribution
14,A A Films
15,A Contracorriente Films
16,A24
17,AA films
18,ABKCO Films
19,ABS-CBN International
20,ACE Entertainment
21,AMBI Group
22,AMC Theatres
23,AP International
24,ATM Films
25,Aanna Films
26,Abramorama
27,Absurda
28,Adventure Entertainment
29,Alchemy
30,Alcon Entertainment
31,Altered Innocence
32,Altitude Film Entertainment
33,Amazon
34,Amazon Instant Video
35,Amazon Prime Video
36,Amazon Studios
37,Ammo Content
38,Amor Media
39,Amplify
40,Anand Pandit Motion Pictures
41,Anchor Bay Entertainment
42,Aniplex
43,Annapurna Distribution
44,Annapurna Pictures
45,Archstone Distribution
46,Argo Pictures
47,Argot Pictures
48,Arrow Films
49,Arrow Video
50,ArtAffects Entertainment
51,ArtMattan Productions
52,Artist Rights Distribution
53,Artist View Entertainment
54,Artsploitation Films
55,Ascot Elite Entertainment Group
56,Aspiration Entertainment
57,At Entertainment
58,Atlantic Records
59,Atlantic Records Group
60,Atlas Distribution Company
61,Atlas Industries
62,Aujourd
63,Avalanche Entertainment
64,Aviron Pictures
65,Axinite Digicinema
66,Azoland Pictures
67,BBC Worldwide North America
68,BDKS Productions
69,BH Tilt
70,BOND360
71,Bahman Sabz
72,Balcony Releasing
73,Barnholtz Entertainment
74,Batrax Entertainment
75,BayView Entertainment
76,Beijing Better World Culture Communication
77,Beijing Enlight Pictures
78,Beijing Herui FIlm Culture
79,BestFilm.eu
80,Big World Pictures
81,Birch Tree Entertainment
82,Black Waterhorse
83,Bleecker Street Media
84,Blitz
85,Blue Forest Media
86,Blue Fox Entertainment
87,Brainstorm Media
88,Breaking Glass Pictures
89,Briarcliff Entertainment
90,Broad Green Pictures
91,BroadwayHD
92,Buena Vista Home Entertainment
93,CARU Pictures
94,CBS Films
95,CFI Releasing
96,CGV Mars Dagitim
97,CJ ENM Co.
98,CJ Entertainment
99,CJ Entertainment America
100,CMC Pictures
101,CNN
102,CNN Films
103,California Pictures
104,CanZion Films
105,Candy Factory Films
106,Capelight Pictures
107,Cargo Films and Releasing
108,Carpe Stella Productions
109,Cartilage Films
110,Cathay Cineplexes
111,Central Partnership
112,China 3D Digital Distribution
113,China Film Company Limited.
114,China Lion Film Distribution
115,Christian Broadcasting Network (CBN)
116,Ciesla Foundation
117,CineLife Entertainment
118,Cinecolor Films
119,Cinedigm
120,Cinedigm Entertainment Group
121,Cinelou Releasing
122,Cinema Libre Studio
123,Cinema Slate
124,Cinemundo
125,Cinestaan AA Distributors
126,Cinetic Media
127,Cinetopia
128,Cinéart
129,Citadel Film Group
130,Cleopatra
131,Cleopatra Entertainment
132,Cohen Media Group
133,Collective Eye Films
134,Collide Distribution
135,Columbia Pictures
136,Comedy Dynamics
137,Continuum Motion Pictures
138,Corinth Films
139,Cranked Up Films
140,Crimson Forest Films
141,Crunchyroll
142,Cut Entertainment Group
143,Dada Films
144,Dalton Pictures
145,Dark Sky Films
146,Dean Medias
147,Defiant Screen Entertainment
148,Diamond Films
149,DirecTV
150,Disney Theatrical Group
151,Distrib Films
152,Distribber
153,Distribution Workshop
154,Dogwoof Pictures
155,Doppelganger Releasing
156,Drafthouse Films
157,E Stars Films
158,Eagle Entertainment
159,Eammon Films
160,Edko Films
161,Einhorn-Film
162,Electric Entertainment
163,Elephant House
164,Elevation Pictures
165,Eleven Arts
166,Entertainment One
167,Entertainment Squad
168,Entertainment Studios Motion Pictures
169,Epic Pictures Group
170,Epic Pictures Releasing
171,Eros Australia Pty. Ltd.
172,Eros International
173,European Dreams Factory
174,Evolutionary Films
175,Excel Entertainment Group
176,FIP
177,FUNimation Entertainment
178,Faith Street Film Partners
179,Faithlife Films
180,Fan-Force Films
181,Fathom Events
182,Film Mode Entertainment
183,Film Movement
184,FilmBuff
185,FilmNation Entertainment
186,FilmRise
187,Fingerprint Releasing
188,Firebreathing Films
189,First Run Features
190,Five & Two Pictures
191,Focus Features
192,Focus World
193,For Good
194,Forrest Films (II)
195,Fox 2000 Pictures
196,Fox Networks Group
197,Fox Searchlight Pictures
198,Freestyle Digital Media
199,Freestyle Releasing
200,Front Row Filmed Entertainment
201,Fun Academy Motion Pictures
202,Funimation Films
203,GEM Entertainment
204,GKIDS
205,GVN Releasing
206,GathrFilms
207,Giant Interactive
208,Giant Pictures
209,Global Road Entertainment
210,GoDigital
211,Goldcrest Films International
212,Golden Cinema
213,Golden Network Asia
214,Good Deed Entertainment
215,Good Docs
216,Good Films
217,Gramercy Pictures (I)
218,Grasshopper Film
219,Gravitas Ventures
220,Great Point Media
221,Greenwich Entertainment
222,Grindstone Entertainment Group
223,Gunpowder & Sky
224,HBO Max
225,Hammond Entertainment
226,Hannover House
227,Happiness Distribution
228,Hark
229,Hawaii Cinema
230,Hibernation Films
231,High Octane Pictures
232,Highland Film Group (HFG)
233,Home Box Office (HBO)
234,Huanxi Media Group
235,Hulu
236,IFC Films
237,IFC Midnight
238,IMAX
239,IPA Asia Pacific
240,ITN Distribution
241,Icarus Films
242,Image Entertainment
243,Imani Entertainment Group
244,InYo Entertainment
245,Inception Media Group
246,Indican Pictures
247,Indie Rights
248,Industrial House Films
249,Inspired Family Entertainment
250,Insurge Pictures
251,International Film Circuit
252,Invincible
253,Janson Media
254,Janus Films
255,Jorge Piwowarski Productions
256,K Street Pictures
257,KRO-NCRV
258,Karo Premiere
259,Karoprokat
260,Ketchup Entertainment
261,Kimstim Films
262,Kino Lorber
263,Kino Swiat
264,Kino33 Entertainment
265,Koch Lorber Films
266,Koch Media
267,Konami Cross Media NY
268,LD Entertainment
269,Legion M
270,Leomark Studios
271,Les Films Seville
272,Les Films Séville
273,Lexica Films
274,LiTTLE BiG PiCTURES
275,Lifetime Television
276,Lighthouse Home Entertainment
277,Lightyear Entertainment
278,Lionsgate
279,Lionsgate Home Entertainment
280,Lionsgate Premiere
281,Lionsgate UK
282,Loco Films
283,Lucid Inc
284,MUBI
285,Maeya Films
286,Magnet Releasing
287,Magnolia Pictures
288,Mangurama
289,Maori Television
290,MarVista Entertainment
291,Matson Films
292,Media Asia Films
293,Menemsha Films
294,Metro-Goldwyn-Mayer (MGM)
295,Metro-Goldwyn-Mayer Distributing Corporation (MGM)
296,Metrograph Pictures
297,Millennium Films
298,Mind Blowing Films
299,Minds Eye International
300,Miramax
301,Mirror
302,Mirror Images LTD.
303,Momentum Pictures
304,Monoduo Films
305,MonteCristo International Entertainment
306,Monterey Media
307,Monument Releasing
308,Moonstone Entertainment
309,MoviePass Films
310,Moviemax Family
311,Music Box Films
312,Music Video Distributors (MVD)
313,NBC Sports Network
314,NCM Fathom
315,National Geographic Channel
316,National Geographic Documentary Films
317,National Theatre Live
318,Neon
319,Netflix
320,New Line Cinema
321,New Mainstream Entertainment (NME)
322,Night Ed Films
323,Nittin Keni Creations
324,Nordisk Film
325,Novus Distribution
326,OTL Releasing
327,Ocean Avenue Entertainment
328,Octane Entertainment
329,Omjee Group
330,One Filmverleih
331,Open Road Films (II)
332,Orion Classics
333,Orion Pictures
334,Oscilloscope
335,Outsider Pictures
336,P12 Films
337,PBS
338,PBS Distribution
339,PRO-FUN media Filmverleih
340,Paladin
341,Pandora
342,Panorama Studios
343,Pantelion Films
344,Parade Deck Films
345,Paradigm Talent Agency
346,Paramount Home Entertainment
347,Paramount Pictures
348,Passion River Films
349,Pen Marudhar Entertainment
350,Phars Film
351,Picturehouse Entertainment
352,Pinnacle Peak Pictures
353,Pioneer Films
354,Postmill Distribution
355,Premiere Digital Services (PDS)
356,Provident Films
357,Public Broadcasting Service (PBS)
358,Pull Shot Productions
359,Purdie Distribution
360,Pure Flix Entertainment
361,PureFlix Cinema
362,RADiUS-TWC
363,RLJ Entertainment
364,RLJE Films
365,ROK Group
366,RYOT Films
367,Random Media
368,Red Apollo Group
369,Red Dirt Pictures
370,Red Hound Films
371,Reel One Entertainment Worldwide
372,Relativity EuropaCorp Distribution (RED)
373,Relativity Media
374,Reliance Big Pictures
375,Reliance Entertainment
376,Rialto Pictures
377,Richmond Media Entertainment
378,RiverRain Productions
379,Roadside Attractions
380,Rocky Mountain Pictures
381,Round Hill Media
382,RumuR Inc.
383,Rézo Films
384,SOMOS Next
385,SP Distribution
386,SSS Entertainment
387,STX Entertainment
388,STX Films
389,Saban Films
390,Samuel Goldwyn Films
391,Santa Rita Film Co.
392,Screen Gems
393,Screen Media Films
394,Searchlight Pictures
395,Sector 5 Films
396,Sentai Filmworks
397,Shanghai Bona Cultural Media
398,Shaw Organisation
399,Shella Films
400,Shoreline Entertainment
401,Shout! Factory
402,Shout! Studios
403,Showgate
404,Showtime Networks
405,Shudder
406,SingularDTV
407,Smith Global Media
408,Sony Pictures Classics
409,Sony Pictures Entertainment (SPE)
410,Sony Pictures Home Entertainment
411,Sony Pictures Releasing
412,Sony Pictures Worldwide Acquisitions (SPWA)
413,Spanglish Movies
414,Splendid Film
415,Stage 6 Films
416,Starz Digital Media
417,Starz!
418,Ster-Kinekor Pictures
419,Strand Releasing
420,Studio City Pictures
421,Summit Premiere
422,Sundance Selects
423,Sunrider Productions
424,Super LTD
425,Supo Mungam Films
426,Swen Group
427,Syfy Films
428,Synergetic Distribution
429,Synkronized
430,TWC-Dimension
431,Taihe Entertainment
432,The Cinema Guild
433,The Film Arcade
434,The Film Collaborative
435,The Film Sales Company
436,The H Collective
437,The Orchard
438,The Samuel Goldwyn Company
439,The Walt Disney Company
440,The Weinstein Company
441,Tianjin Maoyan Weying Media
442,Time and Tide Productions
443,Topic Studios
444,Trafalgar Releasing
445,TriCoast Worldwide
446,TriStar Pictures
447,Tricoast Studios
448,Tugg
449,Tulip Pictures
450,Twentieth Century Fox
451,UTV Motion Pictures
452,Ukrainian Film Distribution
453,Under The Milky Way
454,United Artists Releasing
455,United Entertainment Partners
456,Universal Pictures
457,Universal Pictures Content Group
458,Universal Pictures Home Entertainment (UPHE)
459,Universal Pictures International (UPI)
460,Universal Pictures International Entertainment (UPIE)
461,Utopia
462,Vandi Media
463,Vanishing Angle
464,Vertical Entertainment
465,Videocine
466,Vision Films
467,Vision Video
468,Vitagraph Films
469,Viva Pictures
470,Wall Poster Cinema
471,Walt Disney Pictures
472,Walt Disney Studios Motion Pictures
473,Warner Bros.
474,Well Go USA Entertainment
475,White Hill Production
476,Wild Eye Releasing
477,Wolfe Releasing
478,Wonder Vision
479,Wynncrest Productions
480,Yari Film Group (YFG)
481,Yash Raj Films
482,Yash Raj Films USA Inc.
483,Yleisradio (YLE)
484,YouTube Premium
485,Zee Studios
486,Zee Studios International
487,Zee TV UK
488,Zeitgeist Films
489,iTunes
490,in8 Entertainment
491,mTuckman Media
492,myCinema
